Designator,Val,Package,MidX,MidY,Rotation,Layer
C1,C_Small,C_0402_1005Metric,-10.655393,-35.820128,-90,bottom
C2,C_Small,C_0402_1005Metric,-12.505393,-33.120128,0,bottom
C3,C,C_1210_3225Metric_Pad1.33x2.70mm_HandSolder,-32.375393,-13.940128,180,bottom
C4,C,C_1210_3225Metric_Pad1.33x2.70mm_HandSolder,-29.975393,-8.170128,90,bottom
C5,C,C_0402_1005Metric,-18.495393,-11.990128,-90,bottom
C6,C,C_0402_1005Metric,-21.805393,-19.180128,-90,bottom
C7,C,C_0402_1005Metric,-10.185393,-33.420128,180,bottom
C8,C,C_0402_1005Metric,1.274607,-34.760128,0,bottom
C9,C,C_0402_1005Metric,1.274607,-33.930128,0,bottom
C10,C,C_0402_1005Metric,-6.797393,-39.880128,180,bottom
C11,C,C_0402_1005Metric,-1.175393,-29.890128,0,bottom
C12,C,C_0402_1005Metric,0.574607,-32.120128,0,bottom
J1,USB_C_Receptacle_USB2.0,USB_C_Receptacle_GCT_USB4105-xx-A_16P_TopMnt_Horizontal,14.843799,-48.917575,-163.125,bottom
J2,Conn_01x06_Socket,PinHeader_1x06_P2.54mm_Horizontal,6.344607,44.304872,90,bottom
J3,Conn_01x06_Socket,PinHeader_1x06_P2.54mm_Horizontal,44.304871,-6.344608,0,bottom
J4,Conn_01x06_Socket,PinHeader_1x06_P2.54mm_Horizontal,-6.344609,-44.304871,-90,bottom
J5,Conn_01x06_Socket,PinHeader_1x06_P2.54mm_Horizontal,-44.304872,6.344609,180,bottom
J6,Conn_01x06_Socket,PinHeader_1x06_P2.54mm_Horizontal,22.816393,38.504388,67.5,bottom
J7,Conn_01x06_Socket,PinHeader_1x06_P2.54mm_Horizontal,38.504387,-22.816394,-22.5,bottom
J8,Conn_01x06_Socket,PinHeader_1x06_P2.54mm_Horizontal,-22.816395,-38.504387,-112.5,bottom
J9,Conn_01x06_Socket,PinHeader_1x06_P2.54mm_Horizontal,-38.504388,22.816395,157.5,bottom
J10,Conn_01x06_Socket,PinHeader_1x06_P2.54mm_Horizontal,35.81459,26.84196,45,bottom
J11,Conn_01x06_Socket,PinHeader_1x06_P2.54mm_Horizontal,26.841959,-35.81459,-45,bottom
J12,Conn_01x06_Socket,PinHeader_1x06_P2.54mm_Horizontal,-35.814591,-26.841959,-135,bottom
J13,Conn_01x06_Socket,PinHeader_1x06_P2.54mm_Horizontal,-26.84196,35.814592,135,bottom
J14,UJ32-C-V-G-TH-5-P24-TR,USB_C_Receptacle_GCT_USB4115-03-C,0.004607,24.989872,0,bottom
J15,Conn_01x06_Socket,PinHeader_1x06_P2.54mm_Horizontal,43.36034,11.093087,22.5,bottom
J16,Conn_01x06_Socket,PinHeader_1x06_P2.54mm_Horizontal,11.093086,-43.36034,-67.5,bottom
J17,Conn_01x06_Socket,PinHeader_1x06_P2.54mm_Horizontal,-43.360341,-11.093086,-157.5,bottom
J18,Conn_01x06_Socket,PinHeader_1x06_P2.54mm_Horizontal,-11.093086,43.360342,112.5,bottom
J19,UJ32-C-V-G-TH-5-P24-TR,USB_C_Receptacle_GCT_USB4115-03-C,6.584607,-29.185128,180,bottom
J20,USB_C_Receptacle_USB2.0,USB_C_Receptacle_GCT_USB4105-xx-A_16P_TopMnt_Horizontal,-14.834981,-48.92025,163.125,bottom
J22,Conn_01x06_Socket,JST_XH_B6B-XH-A_1x06_P2.50mm_Vertical,-6.325393,31.939872,0,bottom
J23,Conn_01x06_Socket,JST_XH_B6B-XH-A_1x06_P2.50mm_Vertical,-6.315393,38.129872,0,bottom
R1,1k,R_0402_1005Metric,3.704607,-40.410128,90,bottom
R2,1k,R_0402_1005Metric,-10.185393,-34.440128,180,bottom
R3,5.1k,R_0402_1005Metric,15.244607,-38.800128,45,bottom
R4,5.1k,R_0402_1005Metric,9.943983,-41.509504,135,bottom
R5,27,R_0402_1005Metric,13.014607,-40.420128,45,bottom
R6,27,R_0402_1005Metric,11.912607,-40.132128,45,bottom
R7,5.1k,R_0402_1005Metric,-4.965393,-39.878128,180,bottom
R8,5.1k,R_0402_1005Metric,-3.175393,-39.878128,0,bottom
R9,5.1k,R_0402_1005Metric,-11.915393,-40.210128,135,bottom
R10,5.1k,R_0402_1005Metric,-17.285393,-37.950128,135,bottom
R11,27,R_0402_1005Metric,-13.405393,-38.740128,135,bottom
R12,27,R_0402_1005Metric,-14.665393,-38.990128,135,bottom
R13,5.1k,R_0402_1005Metric,-6.075393,4.769872,90,bottom
R14,5.1k,R_0402_1005Metric,-6.075393,2.259872,90,bottom
SW1,SW_Push,SW_Tactile_SPST_Angled_PTS645Vx31-2LFS,-7.351748,-51.786396,-5.625,bottom
SW2,SW_Push,SW_Tactile_SPST_Angled_PTS645Vx31-2LFS,2.892538,-52.22559,5.625,bottom
U1,W25Q128JVS,SOIC-8_5.23x5.23mm_P1.27mm,6.935107,-36.418628,180,bottom
U2,RP2040,QFN-56-1EP_7x7mm_P0.4mm_EP3.2x3.2mm,-4.478893,-34.522128,90,bottom
U3,AZ1084-5.0,TO-252-2,-23.535393,-12.042628,180,bottom
U4,AZ1084-3.3,TO-252-2,-26.840393,-19.225128,180,bottom
Y1,Crystal_GND24,Crystal_SMD_2520-4Pin_2.5x2.0mm,-12.735393,-35.260128,-90,bottom
BZ1,Buzzer,Buzzer_Murata_PKLCS1212E,25.628607,-11.176128,0,top
D1,WS2812B,LED_WS2812B_PLCC4_5.0x5.0mm_P3.2mm,23.764607,24.469872,180,top
J21,Conn_01x04_Socket,JST_XH_B4B-XH-A_1x04_P2.50mm_Vertical,15.549607,-9.530128,-90,top
SW3,SW_Push,SW_PUSH_6mm,21.034607,29.579872,180,top
U5,Teensy4.0,Teensy_Brakeout,-0.025393,-0.000128,180,top
U6,AE-BNO055-BO,CERDIP-8_W7.62mm_SideBrazed,-3.830393,3.809872,0,top